[
  {
    "id": "bce5a49b-b487-4fee-b01a-f6f0e2966ffc",
    "data": [
      {
        "text": "Who are you?",
        "userDefined": false
      }
    ],
    "isTemplate": false,
    "count": 0,
    "updated": 1535208280
  },
  {
    "id": "c50a222a-a7e9-4e7b-984c-3290de51a5d6",
    "data": [
      {
        "text": "your name, please",
        "userDefined": false
      }
    ],
    "isTemplate": false,
    "count": 0,
    "updated": 1534254888
  },
  {
    "id": "fd91756f-2615-455a-ab28-a2aae040aa45",
    "data": [
      {
        "text": "Do you have name?",
        "userDefined": false
      }
    ],
    "isTemplate": false,
    "count": 0,
    "updated": 1534254888
  },
  {
    "id": "b2e5027a-faf4-4cf2-aec3-5b1963a7620b",
    "data": [
      {
        "text": "What is your name?",
        "userDefined": false
      }
    ],
    "isTemplate": false,
    "count": 0,
    "updated": 1534254888
  }
]