[
  {
    "id": "d668eb4a-0dec-4f77-bac8-72a9bbf64d83",
    "data": [
      {
        "text": "please cancel that",
        "userDefined": false
      }
    ],
    "isTemplate": false,
    "count": 0,
    "updated": 1535049276
  },
  {
    "id": "ff1e9351-f8c8-4551-b3e2-cf6dd2210ace",
    "data": [
      {
        "text": "I am sorry",
        "userDefined": false
      }
    ],
    "isTemplate": false,
    "count": 0,
    "updated": 1535049276
  },
  {
    "id": "766a8a14-28ba-4c61-bf00-4072021ce62f",
    "data": [
      {
        "text": "No",
        "userDefined": false
      }
    ],
    "isTemplate": false,
    "count": 0,
    "updated": 1535049276
  }
]