[
  {
    "id": "d6904c83-c3c3-481b-9b64-09c4a829dc07",
    "data": [
      {
        "text": "Confirmed",
        "userDefined": false
      }
    ],
    "isTemplate": false,
    "count": 0,
    "updated": 1535048509
  },
  {
    "id": "0faaa366-7bed-41f3-bcc0-c4538c28e4dd",
    "data": [
      {
        "text": "that\u0027s right",
        "userDefined": false
      }
    ],
    "isTemplate": false,
    "count": 0,
    "updated": 1535048509
  },
  {
    "id": "e179152a-6c0c-4a94-bc98-9b593fc099dc",
    "data": [
      {
        "text": "yes",
        "userDefined": false
      }
    ],
    "isTemplate": false,
    "count": 0,
    "updated": 1535048509
  }
]