[
  {
    "id": "c9ae2de7-d46d-4df1-9e57-4403f35f08fd",
    "data": [
      {
        "text": "fine",
        "userDefined": false
      }
    ],
    "isTemplate": false,
    "count": 0,
    "updated": 1535056546
  },
  {
    "id": "77eb1095-c552-4a65-80fc-5a8efb7d60fd",
    "data": [
      {
        "text": "wonderful",
        "userDefined": false
      }
    ],
    "isTemplate": false,
    "count": 0,
    "updated": 1535047743
  },
  {
    "id": "77d20ca0-4bce-417e-ac80-a808332d1606",
    "data": [
      {
        "text": "amazing",
        "userDefined": false
      }
    ],
    "isTemplate": false,
    "count": 0,
    "updated": 1535047743
  },
  {
    "id": "4b344170-4cec-4c05-b9a3-1ab9619a1d05",
    "data": [
      {
        "text": "good",
        "userDefined": false
      }
    ],
    "isTemplate": false,
    "count": 0,
    "updated": 1535047743
  }
]