[
  {
    "id": "82a0c0f7-1a2b-4999-97c3-82a4c6468ade",
    "data": [
      {
        "text": "bless you",
        "userDefined": false
      }
    ],
    "isTemplate": false,
    "count": 0,
    "updated": 1535223724
  },
  {
    "id": "6c3461fa-7912-4ac2-9237-b3176f12f08a",
    "data": [
      {
        "text": "Thanks",
        "userDefined": false
      }
    ],
    "isTemplate": false,
    "count": 0,
    "updated": 1535223724
  },
  {
    "id": "c7af23e1-f369-4f9c-8f20-2595169fc3bf",
    "data": [
      {
        "text": "Appreciate your support",
        "userDefined": false
      }
    ],
    "isTemplate": false,
    "count": 0,
    "updated": 1535223724
  },
  {
    "id": "44cc5173-3de5-4924-be00-c19f1a2d2038",
    "data": [
      {
        "text": "Thank you",
        "userDefined": false
      }
    ],
    "isTemplate": false,
    "count": 0,
    "updated": 1535223724
  }
]