[
  {
    "id": "ed00ead8-97ef-4825-ac31-b2b8c4390827",
    "data": [
      {
        "text": "I want a ",
        "userDefined": false
      },
      {
        "text": "vacation",
        "alias": "Vacation",
        "meta": "@Vacation",
        "userDefined": false
      },
      {
        "text": " please",
        "userDefined": false
      }
    ],
    "isTemplate": false,
    "count": 0,
    "updated": 1535050604
  },
  {
    "id": "9b5bfbad-c44a-4f6d-a5b3-7e5367ac56e8",
    "data": [
      {
        "text": "Please I will be ",
        "userDefined": false
      },
      {
        "text": "off",
        "alias": "Vacation",
        "meta": "@Vacation",
        "userDefined": true
      },
      {
        "text": " on ",
        "userDefined": false
      },
      {
        "text": "17-08-2018",
        "alias": "start_date",
        "meta": "@sys.date",
        "userDefined": false
      }
    ],
    "isTemplate": false,
    "count": 0,
    "updated": 1535047626
  },
  {
    "id": "653e16d5-01af-4071-b2f0-716741db96fa",
    "data": [
      {
        "text": "Can I have a ",
        "userDefined": false
      },
      {
        "text": "vacation",
        "alias": "Vacation",
        "meta": "@Vacation",
        "userDefined": true
      },
      {
        "text": " on ",
        "userDefined": false
      },
      {
        "text": "July 16",
        "alias": "start_date",
        "meta": "@sys.date",
        "userDefined": false
      },
      {
        "text": "?",
        "userDefined": false
      }
    ],
    "isTemplate": false,
    "count": 0,
    "updated": 1535047626
  },
  {
    "id": "6a39d79c-668b-4f0a-ad6c-6d211272c080",
    "data": [
      {
        "text": "I want a ",
        "userDefined": false
      },
      {
        "text": "vacation",
        "alias": "Vacation",
        "meta": "@Vacation",
        "userDefined": true
      },
      {
        "text": " on ",
        "userDefined": false
      },
      {
        "text": "October 25",
        "alias": "start_date",
        "meta": "@sys.date",
        "userDefined": false
      }
    ],
    "isTemplate": false,
    "count": 0,
    "updated": 1535047626
  },
  {
    "id": "cfcd5789-2058-441b-b6e4-606809854768",
    "data": [
      {
        "text": "I will be on a ",
        "userDefined": false
      },
      {
        "text": "vacation",
        "alias": "Vacation",
        "meta": "@Vacation",
        "userDefined": true
      },
      {
        "text": " from ",
        "userDefined": false
      },
      {
        "text": "June 10",
        "alias": "start_date",
        "meta": "@sys.date",
        "userDefined": false
      },
      {
        "text": " to ",
        "userDefined": false
      },
      {
        "text": "June 20",
        "alias": "end_date",
        "meta": "@sys.date",
        "userDefined": true
      }
    ],
    "isTemplate": false,
    "count": 0,
    "updated": 1535047626
  },
  {
    "id": "bfbd5e71-2cde-4bb4-ac0a-b627cc5eb02a",
    "data": [
      {
        "text": "I will be ",
        "userDefined": false
      },
      {
        "text": "off",
        "alias": "Vacation",
        "meta": "@Vacation",
        "userDefined": true
      },
      {
        "text": " on ",
        "userDefined": false
      },
      {
        "text": "August 30",
        "alias": "start_date",
        "meta": "@sys.date",
        "userDefined": true
      }
    ],
    "isTemplate": false,
    "count": 0,
    "updated": 1535047626
  },
  {
    "id": "cec4cf49-4897-497e-8e1a-854255ea7de6",
    "data": [
      {
        "text": "I will be ",
        "userDefined": false
      },
      {
        "text": "out of office",
        "alias": "Vacation",
        "meta": "@Vacation",
        "userDefined": true
      },
      {
        "text": " starting on ",
        "userDefined": false
      },
      {
        "text": "May 20",
        "alias": "start_date",
        "meta": "@sys.date",
        "userDefined": false
      },
      {
        "text": " and will be returning on ",
        "userDefined": false
      },
      {
        "text": "May 23",
        "alias": "end_date",
        "meta": "@sys.date",
        "userDefined": false
      }
    ],
    "isTemplate": false,
    "count": 0,
    "updated": 1535047626
  }
]